{"trial_id": "e2f3ca2cb8118f6c9e94ce61699d098f", "hyperparameters": {"space": [{"class_name": "Int", "config": {"name": "unitsL1", "default": null, "min_value": 24, "max_value": 44, "step": 4, "sampling": null}}, {"class_name": "Int", "config": {"name": "unitsL2", "default": null, "min_value": 32, "max_value": 64, "step": 8, "sampling": null}}, {"class_name": "Int", "config": {"name": "unitsL3", "default": null, "min_value": 40, "max_value": 72, "step": 8, "sampling": null}}, {"class_name": "Choice", "config": {"name": "learning_rate", "default": 0.01, "values": [0.01, 0.001, 0.0001], "ordered": true}}, {"class_name": "Choice", "config": {"name": "decay_steps", "default": 10, "values": [10, 100, 1000], "ordered": true}}, {"class_name": "Choice", "config": {"name": "decay_rate", "default": 0.5, "values": [0.5, 1.0, 1.5, 2.0], "ordered": true}}], "values": {"unitsL1": 40, "unitsL2": 56, "unitsL3": 72, "learning_rate": 0.001, "decay_steps": 1000, "decay_rate": 1.0, "tuner/epochs": 40, "tuner/initial_epoch": 14, "tuner/bracket": 1, "tuner/round": 1, "tuner/trial_id": "1c108ed0b620914006d0382d35eb7652"}}, "metrics": {"metrics": {"loss": {"direction": "min", "observations": [{"value": [458256.2976951904], "step": 0}]}, "mean_absolute_percentage_error": {"direction": "min", "observations": [{"value": [10.753911018371582], "step": 0}]}, "val_loss": {"direction": "min", "observations": [{"value": [382760.5515271598], "step": 0}]}, "val_mean_absolute_percentage_error": {"direction": "min", "observations": [{"value": [9.655750274658203], "step": 0}]}}}, "score": 10.753911018371582, "best_step": 0, "status": "COMPLETED"}