{"trial_id": "cf7f26ca9c415ad974d5dab1165438b8", "hyperparameters": {"space": [{"class_name": "Int", "config": {"name": "unitsL1", "default": null, "min_value": 24, "max_value": 44, "step": 4, "sampling": null}}, {"class_name": "Int", "config": {"name": "unitsL2", "default": null, "min_value": 32, "max_value": 64, "step": 8, "sampling": null}}, {"class_name": "Int", "config": {"name": "unitsL3", "default": null, "min_value": 40, "max_value": 72, "step": 8, "sampling": null}}, {"class_name": "Choice", "config": {"name": "learning_rate", "default": 0.01, "values": [0.01, 0.001, 0.0001], "ordered": true}}, {"class_name": "Choice", "config": {"name": "decay_steps", "default": 10, "values": [10, 100, 1000], "ordered": true}}, {"class_name": "Choice", "config": {"name": "decay_rate", "default": 0.5, "values": [0.5, 1.0, 1.5, 2.0], "ordered": true}}], "values": {"unitsL1": 40, "unitsL2": 32, "unitsL3": 56, "learning_rate": 0.001, "decay_steps": 10, "decay_rate": 2.0, "tuner/epochs": 14, "tuner/initial_epoch": 5, "tuner/bracket": 2, "tuner/round": 1, "tuner/trial_id": "ea6598600b6475cf99a3266dc35492f9"}}, "metrics": {"metrics": {"loss": {"direction": "min", "observations": [{"value": [731329.7633042998], "step": 0}]}, "mean_absolute_percentage_error": {"direction": "min", "observations": [{"value": [13.371045112609863], "step": 0}]}, "val_loss": {"direction": "min", "observations": [{"value": [582606.9400452663], "step": 0}]}, "val_mean_absolute_percentage_error": {"direction": "min", "observations": [{"value": [11.94682502746582], "step": 0}]}}}, "score": 13.371045112609863, "best_step": 0, "status": "COMPLETED"}