{"trial_id": "6fb7dfdc47a3c930dc776e5b48572429", "hyperparameters": {"space": [{"class_name": "Int", "config": {"name": "unitsL1", "default": null, "min_value": 24, "max_value": 44, "step": 4, "sampling": null}}, {"class_name": "Int", "config": {"name": "unitsL2", "default": null, "min_value": 32, "max_value": 64, "step": 8, "sampling": null}}, {"class_name": "Int", "config": {"name": "unitsL3", "default": null, "min_value": 40, "max_value": 72, "step": 8, "sampling": null}}, {"class_name": "Choice", "config": {"name": "learning_rate", "default": 0.01, "values": [0.01, 0.001, 0.0001], "ordered": true}}, {"class_name": "Choice", "config": {"name": "decay_steps", "default": 10, "values": [10, 100, 1000], "ordered": true}}, {"class_name": "Choice", "config": {"name": "decay_rate", "default": 0.5, "values": [0.5, 1.0, 1.5, 2.0], "ordered": true}}], "values": {"unitsL1": 32, "unitsL2": 56, "unitsL3": 40, "learning_rate": 0.01, "decay_steps": 1000, "decay_rate": 2.0, "tuner/epochs": 40, "tuner/initial_epoch": 14, "tuner/bracket": 2, "tuner/round": 2, "tuner/trial_id": "1cea5a1b3d97427f068f727d256814f6"}}, "metrics": {"metrics": {"loss": {"direction": "min", "observations": [{"value": [425095.0435884448], "step": 0}]}, "mean_absolute_percentage_error": {"direction": "min", "observations": [{"value": [11.924517631530762], "step": 0}]}, "val_loss": {"direction": "min", "observations": [{"value": [356845.97124119394], "step": 0}]}, "val_mean_absolute_percentage_error": {"direction": "min", "observations": [{"value": [9.737504959106445], "step": 0}]}}}, "score": 11.924517631530762, "best_step": 0, "status": "COMPLETED"}