{"trial_id": "6740f119fe5638a8ddc9bebd2638016e", "hyperparameters": {"space": [{"class_name": "Int", "config": {"name": "unitsL1", "default": null, "min_value": 24, "max_value": 44, "step": 4, "sampling": null}}, {"class_name": "Int", "config": {"name": "unitsL2", "default": null, "min_value": 32, "max_value": 64, "step": 8, "sampling": null}}, {"class_name": "Int", "config": {"name": "unitsL3", "default": null, "min_value": 40, "max_value": 72, "step": 8, "sampling": null}}, {"class_name": "Choice", "config": {"name": "learning_rate", "default": 0.01, "values": [0.01, 0.001, 0.0001], "ordered": true}}, {"class_name": "Choice", "config": {"name": "decay_steps", "default": 10, "values": [10, 100, 1000], "ordered": true}}, {"class_name": "Choice", "config": {"name": "decay_rate", "default": 0.5, "values": [0.5, 1.0, 1.5, 2.0], "ordered": true}}], "values": {"unitsL1": 36, "unitsL2": 48, "unitsL3": 56, "learning_rate": 0.001, "decay_steps": 100, "decay_rate": 1.0, "tuner/epochs": 40, "tuner/initial_epoch": 14, "tuner/bracket": 1, "tuner/round": 1, "tuner/trial_id": "f0694b2985a8fc1f467f59c81d44b974"}}, "metrics": {"metrics": {"loss": {"direction": "min", "observations": [{"value": [575593.3603243021], "step": 0}]}, "mean_absolute_percentage_error": {"direction": "min", "observations": [{"value": [11.356422424316406], "step": 0}]}, "val_loss": {"direction": "min", "observations": [{"value": [524339.2966413299], "step": 0}]}, "val_mean_absolute_percentage_error": {"direction": "min", "observations": [{"value": [10.264677047729492], "step": 0}]}}}, "score": 11.356422424316406, "best_step": 0, "status": "COMPLETED"}