{"trial_id": "d6628780d88cd5a1542123a76b5ffe7e", "hyperparameters": {"space": [{"class_name": "Int", "config": {"name": "unitsL1", "default": null, "min_value": 24, "max_value": 44, "step": 4, "sampling": null}}, {"class_name": "Int", "config": {"name": "unitsL2", "default": null, "min_value": 32, "max_value": 64, "step": 8, "sampling": null}}, {"class_name": "Int", "config": {"name": "unitsL3", "default": null, "min_value": 40, "max_value": 72, "step": 8, "sampling": null}}, {"class_name": "Choice", "config": {"name": "learning_rate", "default": 0.01, "values": [0.01, 0.001, 0.0001], "ordered": true}}, {"class_name": "Choice", "config": {"name": "decay_steps", "default": 10, "values": [10, 100, 1000], "ordered": true}}, {"class_name": "Choice", "config": {"name": "decay_rate", "default": 0.5, "values": [0.5, 1.0, 1.5, 2.0], "ordered": true}}], "values": {"unitsL1": 44, "unitsL2": 40, "unitsL3": 40, "learning_rate": 0.0001, "decay_steps": 10, "decay_rate": 1.5, "tuner/epochs": 2, "tuner/initial_epoch": 0, "tuner/bracket": 3, "tuner/round": 0}}, "metrics": {"metrics": {"loss": {"direction": "min", "observations": [{"value": [17799519.022935536], "step": 0}]}, "mean_absolute_percentage_error": {"direction": "min", "observations": [{"value": [91.40083312988281], "step": 0}]}, "val_loss": {"direction": "min", "observations": [{"value": [15295470.295019157], "step": 0}]}, "val_mean_absolute_percentage_error": {"direction": "min", "observations": [{"value": [59.6412467956543], "step": 0}]}}}, "score": 91.40083312988281, "best_step": 0, "status": "COMPLETED"}