{"trial_id": "5b040349cbccd6af2ed1d8d94d0b74dc", "hyperparameters": {"space": [{"class_name": "Int", "config": {"name": "unitsL1", "default": null, "min_value": 24, "max_value": 44, "step": 4, "sampling": null}}, {"class_name": "Int", "config": {"name": "unitsL2", "default": null, "min_value": 32, "max_value": 64, "step": 8, "sampling": null}}, {"class_name": "Int", "config": {"name": "unitsL3", "default": null, "min_value": 40, "max_value": 72, "step": 8, "sampling": null}}, {"class_name": "Choice", "config": {"name": "learning_rate", "default": 0.01, "values": [0.01, 0.001, 0.0001], "ordered": true}}, {"class_name": "Choice", "config": {"name": "decay_steps", "default": 10, "values": [10, 100, 1000], "ordered": true}}, {"class_name": "Choice", "config": {"name": "decay_rate", "default": 0.5, "values": [0.5, 1.0, 1.5, 2.0], "ordered": true}}], "values": {"unitsL1": 44, "unitsL2": 40, "unitsL3": 56, "learning_rate": 0.01, "decay_steps": 10, "decay_rate": 1.0, "tuner/epochs": 14, "tuner/initial_epoch": 5, "tuner/bracket": 3, "tuner/round": 2, "tuner/trial_id": "44fd524803fc0267cc1e12589c9cb3f9"}}, "metrics": {"metrics": {"loss": {"direction": "min", "observations": [{"value": [783563.516157172], "step": 0}]}, "mean_absolute_percentage_error": {"direction": "min", "observations": [{"value": [13.65155029296875], "step": 0}]}, "val_loss": {"direction": "min", "observations": [{"value": [557180.6640905018], "step": 0}]}, "val_mean_absolute_percentage_error": {"direction": "min", "observations": [{"value": [11.52510929107666], "step": 0}]}}}, "score": 13.65155029296875, "best_step": 0, "status": "COMPLETED"}