{"trial_id": "dc6c4da98bb6300fac4db95b1e5614e4", "hyperparameters": {"space": [{"class_name": "Int", "config": {"name": "unitsL1", "default": null, "min_value": 24, "max_value": 44, "step": 4, "sampling": null}}, {"class_name": "Int", "config": {"name": "unitsL2", "default": null, "min_value": 32, "max_value": 64, "step": 8, "sampling": null}}, {"class_name": "Int", "config": {"name": "unitsL3", "default": null, "min_value": 40, "max_value": 72, "step": 8, "sampling": null}}, {"class_name": "Choice", "config": {"name": "learning_rate", "default": 0.01, "values": [0.01, 0.001, 0.0001], "ordered": true}}, {"class_name": "Choice", "config": {"name": "decay_steps", "default": 10, "values": [10, 100, 1000], "ordered": true}}, {"class_name": "Choice", "config": {"name": "decay_rate", "default": 0.5, "values": [0.5, 1.0, 1.5, 2.0], "ordered": true}}], "values": {"unitsL1": 24, "unitsL2": 40, "unitsL3": 56, "learning_rate": 0.01, "decay_steps": 10, "decay_rate": 2.0, "tuner/epochs": 5, "tuner/initial_epoch": 2, "tuner/bracket": 3, "tuner/round": 1, "tuner/trial_id": "326ae3322b824d26f7481374f926c1d9"}}, "metrics": {"metrics": {"loss": {"direction": "min", "observations": [{"value": [757101.6371480878], "step": 0}]}, "mean_absolute_percentage_error": {"direction": "min", "observations": [{"value": [14.341522216796875], "step": 0}]}, "val_loss": {"direction": "min", "observations": [{"value": [612215.4208070696], "step": 0}]}, "val_mean_absolute_percentage_error": {"direction": "min", "observations": [{"value": [11.702970504760742], "step": 0}]}}}, "score": 14.341522216796875, "best_step": 0, "status": "COMPLETED"}