{"trial_id": "44fd524803fc0267cc1e12589c9cb3f9", "hyperparameters": {"space": [{"class_name": "Int", "config": {"name": "unitsL1", "default": null, "min_value": 24, "max_value": 44, "step": 4, "sampling": null}}, {"class_name": "Int", "config": {"name": "unitsL2", "default": null, "min_value": 32, "max_value": 64, "step": 8, "sampling": null}}, {"class_name": "Int", "config": {"name": "unitsL3", "default": null, "min_value": 40, "max_value": 72, "step": 8, "sampling": null}}, {"class_name": "Choice", "config": {"name": "learning_rate", "default": 0.01, "values": [0.01, 0.001, 0.0001], "ordered": true}}, {"class_name": "Choice", "config": {"name": "decay_steps", "default": 10, "values": [10, 100, 1000], "ordered": true}}, {"class_name": "Choice", "config": {"name": "decay_rate", "default": 0.5, "values": [0.5, 1.0, 1.5, 2.0], "ordered": true}}], "values": {"unitsL1": 44, "unitsL2": 40, "unitsL3": 56, "learning_rate": 0.01, "decay_steps": 10, "decay_rate": 1.0, "tuner/epochs": 5, "tuner/initial_epoch": 2, "tuner/bracket": 3, "tuner/round": 1, "tuner/trial_id": "79307d58c411017256825357409c5d66"}}, "metrics": {"metrics": {"loss": {"direction": "min", "observations": [{"value": [882293.5649423632], "step": 0}]}, "mean_absolute_percentage_error": {"direction": "min", "observations": [{"value": [14.911702156066895], "step": 0}]}, "val_loss": {"direction": "min", "observations": [{"value": [663504.8839760227], "step": 0}]}, "val_mean_absolute_percentage_error": {"direction": "min", "observations": [{"value": [11.712766647338867], "step": 0}]}}}, "score": 14.911702156066895, "best_step": 0, "status": "COMPLETED"}