{"trial_id": "263e2cb3c7372c9507b5e71a3010839e", "hyperparameters": {"space": [{"class_name": "Int", "config": {"name": "unitsL1", "default": null, "min_value": 24, "max_value": 44, "step": 4, "sampling": null}}, {"class_name": "Int", "config": {"name": "unitsL2", "default": null, "min_value": 32, "max_value": 64, "step": 8, "sampling": null}}, {"class_name": "Int", "config": {"name": "unitsL3", "default": null, "min_value": 40, "max_value": 72, "step": 8, "sampling": null}}, {"class_name": "Choice", "config": {"name": "learning_rate", "default": 0.01, "values": [0.01, 0.001, 0.0001], "ordered": true}}, {"class_name": "Choice", "config": {"name": "decay_steps", "default": 10, "values": [10, 100, 1000], "ordered": true}}, {"class_name": "Choice", "config": {"name": "decay_rate", "default": 0.5, "values": [0.5, 1.0, 1.5, 2.0], "ordered": true}}], "values": {"unitsL1": 40, "unitsL2": 56, "unitsL3": 48, "learning_rate": 0.01, "decay_steps": 100, "decay_rate": 1.0, "tuner/epochs": 5, "tuner/initial_epoch": 2, "tuner/bracket": 3, "tuner/round": 1, "tuner/trial_id": "4817ba6a0fdffbf66107395138119301"}}, "metrics": {"metrics": {"loss": {"direction": "min", "observations": [{"value": [921642.2761732613], "step": 0}]}, "mean_absolute_percentage_error": {"direction": "min", "observations": [{"value": [15.694832801818848], "step": 0}]}, "val_loss": {"direction": "min", "observations": [{"value": [730867.6064454332], "step": 0}]}, "val_mean_absolute_percentage_error": {"direction": "min", "observations": [{"value": [15.865320205688477], "step": 0}]}}}, "score": 15.694832801818848, "best_step": 0, "status": "COMPLETED"}