{"trial_id": "de263ddec2cb91ba3bb8d5ec77454a2b", "hyperparameters": {"space": [{"class_name": "Int", "config": {"name": "unitsL1", "default": null, "min_value": 24, "max_value": 44, "step": 4, "sampling": null}}, {"class_name": "Int", "config": {"name": "unitsL2", "default": null, "min_value": 32, "max_value": 64, "step": 8, "sampling": null}}, {"class_name": "Int", "config": {"name": "unitsL3", "default": null, "min_value": 40, "max_value": 72, "step": 8, "sampling": null}}, {"class_name": "Choice", "config": {"name": "learning_rate", "default": 0.01, "values": [0.01, 0.001, 0.0001], "ordered": true}}, {"class_name": "Choice", "config": {"name": "decay_steps", "default": 10, "values": [10, 100, 1000], "ordered": true}}, {"class_name": "Choice", "config": {"name": "decay_rate", "default": 0.5, "values": [0.5, 1.0, 1.5, 2.0], "ordered": true}}], "values": {"unitsL1": 40, "unitsL2": 56, "unitsL3": 72, "learning_rate": 0.01, "decay_steps": 10, "decay_rate": 1.5, "tuner/epochs": 5, "tuner/initial_epoch": 2, "tuner/bracket": 3, "tuner/round": 1, "tuner/trial_id": "9651962528701e81e26059e63831c07a"}}, "metrics": {"metrics": {"loss": {"direction": "min", "observations": [{"value": [971673.1165605633], "step": 0}]}, "mean_absolute_percentage_error": {"direction": "min", "observations": [{"value": [15.587809562683105], "step": 0}]}, "val_loss": {"direction": "min", "observations": [{"value": [680502.9770192188], "step": 0}]}, "val_mean_absolute_percentage_error": {"direction": "min", "observations": [{"value": [11.929561614990234], "step": 0}]}}}, "score": 15.587809562683105, "best_step": 0, "status": "COMPLETED"}