{"trial_id": "4958329c1cb3767735ed5d6af4aadb65", "hyperparameters": {"space": [{"class_name": "Int", "config": {"name": "unitsL1", "default": null, "min_value": 24, "max_value": 44, "step": 4, "sampling": null}}, {"class_name": "Int", "config": {"name": "unitsL2", "default": null, "min_value": 32, "max_value": 64, "step": 8, "sampling": null}}, {"class_name": "Int", "config": {"name": "unitsL3", "default": null, "min_value": 40, "max_value": 72, "step": 8, "sampling": null}}, {"class_name": "Choice", "config": {"name": "learning_rate", "default": 0.01, "values": [0.01, 0.001, 0.0001], "ordered": true}}, {"class_name": "Choice", "config": {"name": "decay_steps", "default": 10, "values": [10, 100, 1000], "ordered": true}}, {"class_name": "Choice", "config": {"name": "decay_rate", "default": 0.5, "values": [0.5, 1.0, 1.5, 2.0], "ordered": true}}], "values": {"unitsL1": 28, "unitsL2": 48, "unitsL3": 72, "learning_rate": 0.001, "decay_steps": 100, "decay_rate": 1.5, "tuner/epochs": 40, "tuner/initial_epoch": 0, "tuner/bracket": 0, "tuner/round": 0}}, "metrics": {"metrics": {"loss": {"direction": "min", "observations": [{"value": [587807.5748583082], "step": 0}]}, "mean_absolute_percentage_error": {"direction": "min", "observations": [{"value": [11.7664155960083], "step": 0}]}, "val_loss": {"direction": "min", "observations": [{"value": [505722.2811418552], "step": 0}]}, "val_mean_absolute_percentage_error": {"direction": "min", "observations": [{"value": [10.780597686767578], "step": 0}]}}}, "score": 11.7664155960083, "best_step": 0, "status": "COMPLETED"}