{"trial_id": "ebdc759b915e216ebaa6c3e405f2c47f", "hyperparameters": {"space": [{"class_name": "Int", "config": {"name": "unitsL1", "default": null, "min_value": 24, "max_value": 44, "step": 4, "sampling": null}}, {"class_name": "Int", "config": {"name": "unitsL2", "default": null, "min_value": 32, "max_value": 64, "step": 8, "sampling": null}}, {"class_name": "Int", "config": {"name": "unitsL3", "default": null, "min_value": 40, "max_value": 72, "step": 8, "sampling": null}}, {"class_name": "Choice", "config": {"name": "learning_rate", "default": 0.01, "values": [0.01, 0.001, 0.0001], "ordered": true}}, {"class_name": "Choice", "config": {"name": "decay_steps", "default": 10, "values": [10, 100, 1000], "ordered": true}}, {"class_name": "Choice", "config": {"name": "decay_rate", "default": 0.5, "values": [0.5, 1.0, 1.5, 2.0], "ordered": true}}], "values": {"unitsL1": 28, "unitsL2": 56, "unitsL3": 64, "learning_rate": 0.001, "decay_steps": 1000, "decay_rate": 2.0, "tuner/epochs": 14, "tuner/initial_epoch": 5, "tuner/bracket": 2, "tuner/round": 1, "tuner/trial_id": "815af8754bbdf5eef9ded514300e900c"}}, "metrics": {"metrics": {"loss": {"direction": "min", "observations": [{"value": [730024.2226167303], "step": 0}]}, "mean_absolute_percentage_error": {"direction": "min", "observations": [{"value": [12.90255355834961], "step": 0}]}, "val_loss": {"direction": "min", "observations": [{"value": [609415.9302079472], "step": 0}]}, "val_mean_absolute_percentage_error": {"direction": "min", "observations": [{"value": [11.85957145690918], "step": 0}]}}}, "score": 12.90255355834961, "best_step": 0, "status": "COMPLETED"}