{"trial_id": "ca61de7d244df7c060d4a32f6be151ae", "hyperparameters": {"space": [{"class_name": "Int", "config": {"name": "unitsL1", "default": null, "min_value": 24, "max_value": 44, "step": 4, "sampling": null}}, {"class_name": "Int", "config": {"name": "unitsL2", "default": null, "min_value": 32, "max_value": 64, "step": 8, "sampling": null}}, {"class_name": "Int", "config": {"name": "unitsL3", "default": null, "min_value": 40, "max_value": 72, "step": 8, "sampling": null}}, {"class_name": "Choice", "config": {"name": "learning_rate", "default": 0.01, "values": [0.01, 0.001, 0.0001], "ordered": true}}, {"class_name": "Choice", "config": {"name": "decay_steps", "default": 10, "values": [10, 100, 1000], "ordered": true}}, {"class_name": "Choice", "config": {"name": "decay_rate", "default": 0.5, "values": [0.5, 1.0, 1.5, 2.0], "ordered": true}}], "values": {"unitsL1": 24, "unitsL2": 64, "unitsL3": 40, "learning_rate": 0.01, "decay_steps": 100, "decay_rate": 0.5, "tuner/epochs": 40, "tuner/initial_epoch": 14, "tuner/bracket": 3, "tuner/round": 3, "tuner/trial_id": "7851bc905ab23698bbf83c0657d4b33a"}}, "metrics": {"metrics": {"loss": {"direction": "min", "observations": [{"value": [482012.41845933313], "step": 0}]}, "mean_absolute_percentage_error": {"direction": "min", "observations": [{"value": [11.92105770111084], "step": 0}]}, "val_loss": {"direction": "min", "observations": [{"value": [391817.77859465766], "step": 0}]}, "val_mean_absolute_percentage_error": {"direction": "min", "observations": [{"value": [10.219782829284668], "step": 0}]}}}, "score": 11.92105770111084, "best_step": 0, "status": "COMPLETED"}