{"trial_id": "2a6d0f2df3b4a930b9c6a8d6e2f9a7e0", "hyperparameters": {"space": [{"class_name": "Int", "config": {"name": "unitsL1", "default": null, "min_value": 24, "max_value": 44, "step": 4, "sampling": null}}, {"class_name": "Int", "config": {"name": "unitsL2", "default": null, "min_value": 32, "max_value": 64, "step": 8, "sampling": null}}, {"class_name": "Int", "config": {"name": "unitsL3", "default": null, "min_value": 40, "max_value": 72, "step": 8, "sampling": null}}, {"class_name": "Choice", "config": {"name": "learning_rate", "default": 0.01, "values": [0.01, 0.001, 0.0001], "ordered": true}}, {"class_name": "Choice", "config": {"name": "decay_steps", "default": 10, "values": [10, 100, 1000], "ordered": true}}, {"class_name": "Choice", "config": {"name": "decay_rate", "default": 0.5, "values": [0.5, 1.0, 1.5, 2.0], "ordered": true}}], "values": {"unitsL1": 28, "unitsL2": 56, "unitsL3": 56, "learning_rate": 0.01, "decay_steps": 1000, "decay_rate": 2.0, "tuner/epochs": 2, "tuner/initial_epoch": 0, "tuner/bracket": 3, "tuner/round": 0}}, "metrics": {"metrics": {"loss": {"direction": "min", "observations": [{"value": [914271.2124251814], "step": 0}]}, "mean_absolute_percentage_error": {"direction": "min", "observations": [{"value": [15.833065032958984], "step": 0}]}, "val_loss": {"direction": "min", "observations": [{"value": [733194.3051152516], "step": 0}]}, "val_mean_absolute_percentage_error": {"direction": "min", "observations": [{"value": [15.105884552001953], "step": 0}]}}}, "score": 15.833065032958984, "best_step": 0, "status": "COMPLETED"}