{"trial_id": "e5aca27c59a4d692933988697a5b6155", "hyperparameters": {"space": [{"class_name": "Int", "config": {"name": "unitsL1", "default": null, "min_value": 24, "max_value": 44, "step": 4, "sampling": null}}, {"class_name": "Int", "config": {"name": "unitsL2", "default": null, "min_value": 32, "max_value": 64, "step": 8, "sampling": null}}, {"class_name": "Int", "config": {"name": "unitsL3", "default": null, "min_value": 40, "max_value": 72, "step": 8, "sampling": null}}, {"class_name": "Choice", "config": {"name": "learning_rate", "default": 0.01, "values": [0.01, 0.001, 0.0001], "ordered": true}}, {"class_name": "Choice", "config": {"name": "decay_steps", "default": 10, "values": [10, 100, 1000], "ordered": true}}, {"class_name": "Choice", "config": {"name": "decay_rate", "default": 0.5, "values": [0.5, 1.0, 1.5, 2.0], "ordered": true}}], "values": {"unitsL1": 32, "unitsL2": 48, "unitsL3": 56, "learning_rate": 0.01, "decay_steps": 1000, "decay_rate": 2.0, "tuner/epochs": 5, "tuner/initial_epoch": 2, "tuner/bracket": 3, "tuner/round": 1, "tuner/trial_id": "25864ee7c7ef3a26cf5a810c58161971"}}, "metrics": {"metrics": {"loss": {"direction": "min", "observations": [{"value": [805786.077342881], "step": 0}]}, "mean_absolute_percentage_error": {"direction": "min", "observations": [{"value": [15.150723457336426], "step": 0}]}, "val_loss": {"direction": "min", "observations": [{"value": [657321.9818239402], "step": 0}]}, "val_mean_absolute_percentage_error": {"direction": "min", "observations": [{"value": [13.406240463256836], "step": 0}]}}}, "score": 15.150723457336426, "best_step": 0, "status": "COMPLETED"}