{"trial_id": "a4ac47f716d4aac54b416e9f604729f7", "hyperparameters": {"space": [{"class_name": "Int", "config": {"name": "unitsL1", "default": null, "min_value": 24, "max_value": 44, "step": 4, "sampling": null}}, {"class_name": "Int", "config": {"name": "unitsL2", "default": null, "min_value": 32, "max_value": 64, "step": 8, "sampling": null}}, {"class_name": "Int", "config": {"name": "unitsL3", "default": null, "min_value": 40, "max_value": 72, "step": 8, "sampling": null}}, {"class_name": "Choice", "config": {"name": "learning_rate", "default": 0.01, "values": [0.01, 0.001, 0.0001], "ordered": true}}, {"class_name": "Choice", "config": {"name": "decay_steps", "default": 10, "values": [10, 100, 1000], "ordered": true}}, {"class_name": "Choice", "config": {"name": "decay_rate", "default": 0.5, "values": [0.5, 1.0, 1.5, 2.0], "ordered": true}}], "values": {"unitsL1": 36, "unitsL2": 40, "unitsL3": 72, "learning_rate": 0.01, "decay_steps": 100, "decay_rate": 1.0, "tuner/epochs": 14, "tuner/initial_epoch": 5, "tuner/bracket": 3, "tuner/round": 2, "tuner/trial_id": "8efd2c827d09c50e11da4628fb40b0a2"}}, "metrics": {"metrics": {"loss": {"direction": "min", "observations": [{"value": [583172.0916428306], "step": 0}]}, "mean_absolute_percentage_error": {"direction": "min", "observations": [{"value": [13.19913101196289], "step": 0}]}, "val_loss": {"direction": "min", "observations": [{"value": [429582.4347345816], "step": 0}]}, "val_mean_absolute_percentage_error": {"direction": "min", "observations": [{"value": [11.450980186462402], "step": 0}]}}}, "score": 13.19913101196289, "best_step": 0, "status": "COMPLETED"}