{"trial_id": "22691a1158aa418f34229f5a0c3c1b08", "hyperparameters": {"space": [{"class_name": "Int", "config": {"name": "unitsL1", "default": null, "min_value": 24, "max_value": 44, "step": 4, "sampling": null}}, {"class_name": "Int", "config": {"name": "unitsL2", "default": null, "min_value": 32, "max_value": 64, "step": 8, "sampling": null}}, {"class_name": "Int", "config": {"name": "unitsL3", "default": null, "min_value": 40, "max_value": 72, "step": 8, "sampling": null}}, {"class_name": "Choice", "config": {"name": "learning_rate", "default": 0.01, "values": [0.01, 0.001, 0.0001], "ordered": true}}, {"class_name": "Choice", "config": {"name": "decay_steps", "default": 10, "values": [10, 100, 1000], "ordered": true}}, {"class_name": "Choice", "config": {"name": "decay_rate", "default": 0.5, "values": [0.5, 1.0, 1.5, 2.0], "ordered": true}}], "values": {"unitsL1": 40, "unitsL2": 48, "unitsL3": 64, "learning_rate": 0.01, "decay_steps": 100, "decay_rate": 1.5, "tuner/epochs": 40, "tuner/initial_epoch": 0, "tuner/bracket": 0, "tuner/round": 0}}, "metrics": {"metrics": {"loss": {"direction": "min", "observations": [{"value": [390059.2837660231], "step": 0}]}, "mean_absolute_percentage_error": {"direction": "min", "observations": [{"value": [10.996354103088379], "step": 0}]}, "val_loss": {"direction": "min", "observations": [{"value": [325473.25885629095], "step": 0}]}, "val_mean_absolute_percentage_error": {"direction": "min", "observations": [{"value": [9.532668113708496], "step": 0}]}}}, "score": 10.996354103088379, "best_step": 0, "status": "COMPLETED"}