{"trial_id": "6334fd71032ae397d61e1d30919d38a5", "hyperparameters": {"space": [{"class_name": "Int", "config": {"name": "unitsL1", "default": null, "min_value": 24, "max_value": 44, "step": 4, "sampling": null}}, {"class_name": "Int", "config": {"name": "unitsL2", "default": null, "min_value": 32, "max_value": 64, "step": 8, "sampling": null}}, {"class_name": "Int", "config": {"name": "unitsL3", "default": null, "min_value": 40, "max_value": 72, "step": 8, "sampling": null}}, {"class_name": "Choice", "config": {"name": "learning_rate", "default": 0.01, "values": [0.01, 0.001, 0.0001], "ordered": true}}, {"class_name": "Choice", "config": {"name": "decay_steps", "default": 10, "values": [10, 100, 1000], "ordered": true}}, {"class_name": "Choice", "config": {"name": "decay_rate", "default": 0.5, "values": [0.5, 1.0, 1.5, 2.0], "ordered": true}}], "values": {"unitsL1": 24, "unitsL2": 64, "unitsL3": 40, "learning_rate": 0.01, "decay_steps": 100, "decay_rate": 0.5, "tuner/epochs": 5, "tuner/initial_epoch": 2, "tuner/bracket": 3, "tuner/round": 1, "tuner/trial_id": "958031ddade30642699bf87e4eb8ce65"}}, "metrics": {"metrics": {"loss": {"direction": "min", "observations": [{"value": [874755.0137388103], "step": 0}]}, "mean_absolute_percentage_error": {"direction": "min", "observations": [{"value": [14.637228965759277], "step": 0}]}, "val_loss": {"direction": "min", "observations": [{"value": [649704.2095538252], "step": 0}]}, "val_mean_absolute_percentage_error": {"direction": "min", "observations": [{"value": [13.889436721801758], "step": 0}]}}}, "score": 14.637228965759277, "best_step": 0, "status": "COMPLETED"}