{"trial_id": "6b9df405995848865b386524de60aa7c", "hyperparameters": {"space": [{"class_name": "Int", "config": {"name": "unitsL1", "default": null, "min_value": 24, "max_value": 44, "step": 4, "sampling": null}}, {"class_name": "Int", "config": {"name": "unitsL2", "default": null, "min_value": 32, "max_value": 64, "step": 8, "sampling": null}}, {"class_name": "Int", "config": {"name": "unitsL3", "default": null, "min_value": 40, "max_value": 72, "step": 8, "sampling": null}}, {"class_name": "Choice", "config": {"name": "learning_rate", "default": 0.01, "values": [0.01, 0.001, 0.0001], "ordered": true}}, {"class_name": "Choice", "config": {"name": "decay_steps", "default": 10, "values": [10, 100, 1000], "ordered": true}}, {"class_name": "Choice", "config": {"name": "decay_rate", "default": 0.5, "values": [0.5, 1.0, 1.5, 2.0], "ordered": true}}], "values": {"unitsL1": 36, "unitsL2": 56, "unitsL3": 48, "learning_rate": 0.01, "decay_steps": 1000, "decay_rate": 1.0, "tuner/epochs": 14, "tuner/initial_epoch": 5, "tuner/bracket": 2, "tuner/round": 1, "tuner/trial_id": "e11bf3f483b429d4881ee76852605297"}}, "metrics": {"metrics": {"loss": {"direction": "min", "observations": [{"value": [492246.3345218232], "step": 0}]}, "mean_absolute_percentage_error": {"direction": "min", "observations": [{"value": [11.884561538696289], "step": 0}]}, "val_loss": {"direction": "min", "observations": [{"value": [409050.4316138302], "step": 0}]}, "val_mean_absolute_percentage_error": {"direction": "min", "observations": [{"value": [12.094731330871582], "step": 0}]}}}, "score": 11.884561538696289, "best_step": 0, "status": "COMPLETED"}